;count;mean;std;min;25%;50%;75%;max
Label;12000.0;0.4989166666666667;0.500019660974115;0.0;0.0;0.0;1.0;1.0
